#SQL 
# Introduction to MySQL
Before you understand how to inject SQL you need to know how SQL and mySQL.

What exactly is **mySQL**?
- this is a **relational database management system**(RDBMS)
- free and open-source
- Ideal for large and small applications

[[https://www.w3schools.com/MySQL/default.asp| mySQL tutorial]]

## Basics
```bash
mysql -u root -p
```
This is how you first start mySQL
- you can paste the password right after the -p but THIS SHOULD BE AVOIDED ** as the password can be stored 
- wait for the password prompt to come up before entering it
- -u flag specifies the username, "root".
**Connecting to a remote host**
```sql
mysql -u root -h <host> -P 3306 -p
```
`-h <host>` specifies the remote host.
`-P 3306` specifies the remote port (default MySQL port).

When you log in as **root**, you have full privileges to do anything in the database:

- Create or delete databases
- Add users and set their permissions
- Read and write any table

Other users might have limited privileges. You can check your privileges with the `SHOW GRANTS` command.

## Creating a new database 
```sql
CREATE DATABASE users;
```
- `users` is the name of the database.
- You can see all available databases with `SHOW DATABASES;`.

We can go into the users database by running this.
```sql
USE users;
```
This tells MySQL that you’ll run your commands in the `users` database.

## Creating a new table
SLQ organizes data into tables that consist of:
- columns
- rows
```sql 
CREATE TABLE logins (
    id INT,
    username VARCHAR(100),
    password VARCHAR(100),
    date_of_joining DATETIME
);
```
- **`id`**: integer column
- **`username`**: up to 100 characters (string)
- **`password`**: up to 100 characters (string)
- **`date_of_joining`**: stores date and time

To view the tables we can use the following commands
``` sql
SHOW TABLES; 
```
This will list the tables in the current database.

To view the details about a specific table use the following command:
```sql
DESCRIBE logins
```
- `logins` can be replaced with the name of the specific table

## Table and Column properties

You can add properties to columns when creating a table:

1. **NOT NULL**
    - Ensures the column cannot be empty.
2. **AUTO_INCREMENT**
    - Automatically increases integer value (like `id`) every time a new row is inserted.
3. **UNIQUE**
    - Makes sure there are no duplicate values in that column.
4. **DEFAULT**
    - Sets a default value if none is provided. Example: `DEFAULT NOW()` for date/time columns.
5. **PRIMARY KEY**
    - A special constraint that uniquely identifies each record in the table (e.g., the `id` column).
```sql
CREATE TABLE logins (
    id INT NOT NULL AUTO_INCREMENT,
    username VARCHAR(100) UNIQUE NOT NULL,
    password VARCHAR(100) NOT NULL,
    date_of_joining DATETIME DEFAULT NOW(),
    PRIMARY KEY (id)
);

```

- `id` is an integer that **must** have a value (`NOT NULL`) and automatically increments by 1 for each new record.
- `username` is unique (no two users have the same username) and cannot be empty.
- `password` must also have a value and cannot be empty.
- `date_of_joining` is set by default to the current date and time using `NOW()` if none is provided.
- `PRIMARY KEY (id)` makes `id` the column that uniquely identifies each row.

- **SQL statements** (like `CREATE TABLE`, `USE`, `SHOW DATABASES`, etc.) are **not** case-sensitive, but **database names** and **table names** can be case-sensitive on some systems.
- Always end your SQL statements with a **semicolon (`;`)**.
- After creating tables and databases, you can insert, read, update, or delete records using SQL commands like `INSERT`, `SELECT`, `UPDATE`, and `DELETE`.

to exit out of mysql you can use:
```sql
quit
```

# SQL Statements
There are 5 Main states that can be used in SQL 


Sure! Let's break down the essential SQL statements—**INSERT**, **SELECT**, **DROP**, **ALTER**, and **UPDATE**—in a simple and detailed manner. Understanding these commands is crucial for managing and manipulating data within your MySQL/MariaDB databases.

---

## Table of Contents

1. [INSERT Statement](https://chatgpt.com/c/677928db-8180-8011-b000-8eafa7138506#insert-statement)
2. [SELECT Statement](https://chatgpt.com/c/677928db-8180-8011-b000-8eafa7138506#select-statement)
3. [DROP Statement](https://chatgpt.com/c/677928db-8180-8011-b000-8eafa7138506#drop-statement)
4. [ALTER Statement](https://chatgpt.com/c/677928db-8180-8011-b000-8eafa7138506#alter-statement)
5. [UPDATE Statement](https://chatgpt.com/c/677928db-8180-8011-b000-8eafa7138506#update-statement)
6. [Final Tips](https://chatgpt.com/c/677928db-8180-8011-b000-8eafa7138506#final-tips)

---

## 1. INSERT Statement

**Purpose:**  
The `INSERT` statement is used to add new records (rows) to a table in your database.

### Basic Syntax

```sql
INSERT INTO table_name VALUES (value1, value2, value3, ...);
```

- **`table_name`**: The name of the table where you want to add data.
- **`VALUES`**: Keyword indicating the data to insert.
- **`value1, value2, ...`**: The actual data corresponding to each column in the table.

**Note:** This syntax requires you to provide values for **all** columns in the table in the exact order they were defined.

### Example

Suppose you have a table named `logins` with four columns: `id`, `username`, `password`, and `date_of_joining`.

```sql
INSERT INTO logins VALUES (1, 'admin', 'p@ssw0rd', '2020-07-02');
```

**Output:**

```
Query OK, 1 row affected (0.00 sec)
```

### Inserting Selectively

You don't always need to provide values for every column, especially if some columns have default values (like `AUTO_INCREMENT` or `DEFAULT NOW()`). To insert data into specific columns:

```sql
INSERT INTO table_name (column2, column3, ...) VALUES (value2, value3, ...);
```

**Example:**

```sql
INSERT INTO logins (username, password) VALUES ('administrator', 'adm1n_p@ss');
```

**Output:**

```
Query OK, 1 row affected (0.00 sec)
```

**Important:**

- **Avoid inserting passwords in cleartext.** Always **hash** or **encrypt** passwords before storing them to enhance security.

### Inserting Multiple Records at Once

You can add multiple records in a single `INSERT` statement by separating each set of values with a comma.

```sql
INSERT INTO logins (username, password) VALUES ('john', 'john123!'), ('tom', 'tom123!');
```

**Output:**

```
Query OK, 2 rows affected (0.00 sec)
Records: 2  Duplicates: 0  Warnings: 0
```

---

## 2. SELECT Statement

**Purpose:**  
The `SELECT` statement is used to retrieve data from one or more tables in your database.

### Basic Syntax

```sql
SELECT * FROM table_name;
```

- **`*`**: Wildcard character that selects all columns.
- **`FROM table_name`**: Specifies the table to retrieve data from.

### Selecting Specific Columns

Instead of retrieving all columns, you can specify which columns you want.

```sql
SELECT column1, column2 FROM table_name;
```

### Examples

1. **Select All Columns:**
    
    ```sql
    SELECT * FROM logins;
    ```
    
    **Output:**
    
    ```
    +----+---------------+------------+---------------------+
    | id | username      | password   | date_of_joining     |
    +----+---------------+------------+---------------------+
    |  1 | admin         | p@ssw0rd   | 2020-07-02 00:00:00 |
    |  2 | administrator | adm1n_p@ss | 2020-07-02 11:30:50 |
    |  3 | john          | john123!   | 2020-07-02 11:47:16 |
    |  4 | tom           | tom123!    | 2020-07-02 11:47:16 |
    +----+---------------+------------+---------------------+
    4 rows in set (0.00 sec)
    ```
    
2. **Select Specific Columns:**
    
    ```sql
    SELECT username, password FROM logins;
    ```
    
    **Output:**
    
    ```
    +---------------+------------+
    | username      | password   |
    +---------------+------------+
    | admin         | p@ssw0rd   |
    | administrator | adm1n_p@ss |
    | john          | john123!   |
    | tom           | tom123!    |
    +---------------+------------+
    4 rows in set (0.00 sec)
    ```
    

**Key Points:**

- Use `*` to select all columns.
- Specify column names to retrieve only the data you need.

---

## 3. DROP Statement

**Purpose:**  
The `DROP` statement is used to remove entire tables or databases from the server permanently.

### Basic Syntax

- **To Drop a Table:**
    
    ```sql
    DROP TABLE table_name;
    ```
    
- **To Drop a Database:**
    
    ```sql
    DROP DATABASE database_name;
    ```
    

### Example: Dropping a Table

```sql
DROP TABLE logins;
```

**Output:**

```
Query OK, 0 rows affected (0.01 sec)
```

**Verifying the Drop:**

```sql
SHOW TABLES;
```

**Output:**

```
Empty set (0.00 sec)
```

**Important:**

- **Permanent Action:** Once you execute a `DROP` statement, the table or database is **permanently deleted**. There is **no undo**.
- **Use with Caution:** Always double-check before dropping tables or databases to avoid accidental data loss.

---

## 4. ALTER Statement

**Purpose:**  
The `ALTER` statement is used to modify the structure of an existing table. This includes adding, renaming, modifying, or dropping columns.

### Basic Syntax

- **Add a New Column:**
    
    ```sql
    ALTER TABLE table_name ADD column_name data_type;
    ```
    
- **Rename a Column:**
    
    ```sql
    ALTER TABLE table_name RENAME COLUMN old_name TO new_name;
    ```
    
- **Modify a Column's Data Type:**
    
    ```sql
    ALTER TABLE table_name MODIFY column_name new_data_type;
    ```
    
- **Drop a Column:**
    
    ```sql
    ALTER TABLE table_name DROP column_name;
    ```
    

### Examples

1. **Adding a New Column:**
    
    ```sql
    ALTER TABLE logins ADD newColumn INT;
    ```
    
    **Output:**
    
    ```
    Query OK, 0 rows affected (0.01 sec)
    ```
    
2. **Renaming a Column:**
    
    ```sql
    ALTER TABLE logins RENAME COLUMN newColumn TO oldColumn;
    ```
    
    **Output:**
    
    ```
    Query OK, 0 rows affected (0.01 sec)
    ```
    
3. **Modifying a Column's Data Type:**
    
    ```sql
    ALTER TABLE logins MODIFY oldColumn DATE;
    ```
    
    **Output:**
    
    ```
    Query OK, 0 rows affected (0.01 sec)
    ```
    
4. **Dropping a Column:**
    
    ```sql
    ALTER TABLE logins DROP oldColumn;
    ```
    
    **Output:**
    
    ```
    Query OK, 0 rows affected (0.01 sec)
    ```
    

**Key Points:**

- **Flexible Modifications:** `ALTER` allows you to change the table structure without losing existing data.
- **Permissions Required:** Ensure you have the necessary privileges to alter table structures.

---

## 5. UPDATE Statement

**Purpose:**  
The `UPDATE` statement is used to modify existing records in a table based on specific conditions.

### Basic Syntax

```sql
UPDATE table_name SET column1 = new_value1, column2 = new_value2, ... WHERE condition;
```

- **`table_name`**: The name of the table you want to update.
- **`SET`**: Keyword indicating the columns to be updated.
- **`column1 = new_value1`**: Specifies the new value for `column1`.
- **`WHERE condition`**: Defines which records should be updated. **Without a `WHERE` clause, all records will be updated!**

### Example

Suppose you want to change the password for all users with an `id` greater than 1.

```sql
UPDATE logins SET password = 'change_password' WHERE id > 1;
```

**Output:**

```
Query OK, 3 rows affected (0.00 sec)
Rows matched: 3  Changed: 3  Warnings: 0
```

**Verifying the Update:**

```sql
SELECT * FROM logins;
```

**Output:**

```
+----+---------------+-----------------+---------------------+
| id | username      | password        | date_of_joining     |
+----+---------------+-----------------+---------------------+
|  1 | admin         | p@ssw0rd        | 2020-07-02 00:00:00 |
|  2 | administrator | change_password | 2020-07-02 11:30:50 |
|  3 | john          | change_password | 2020-07-02 11:47:16 |
|  4 | tom           | change_password | 2020-07-02 11:47:16 |
+----+---------------+-----------------+---------------------+
4 rows in set (0.00 sec)
```

**Key Points:**

- **Always Use a `WHERE` Clause:** To prevent unintended updates to all records.
- **Backup Data:** Before performing bulk updates, consider backing up your data.

---

## 6. Final Tips

- **Case Sensitivity:**
    
    - **SQL Keywords:** Not case-sensitive (`SELECT`, `select`, and `Select` are all valid).
    - **Database/Table Names:** May be case-sensitive depending on the operating system and MySQL configuration.
- **Terminate Statements with Semicolons (`;`):**  
    Each SQL statement should end with a semicolon to indicate the end of the command.
    
- **Use Meaningful Names:**  
    When creating databases and tables, use clear and descriptive names to make your database easier to understand and maintain.
    
- **Practice Safe Password Handling:**  
    Always hash or encrypt passwords before storing them in the database to enhance security.
    
- **Regular Backups:**  
    Regularly back up your databases to prevent data loss due to accidental drops or other issues.
    
- **Understand Privileges:**  
    Different users may have different levels of access. Use the `SHOW GRANTS` command to view your current privileges.
    
- **Experiment in a Safe Environment:**  
    Use a development or testing environment (like a local server or a virtual machine) to practice SQL commands without risking real data.
    

---

By mastering these essential SQL statements, you'll be well-equipped to manage and manipulate data within your MySQL/MariaDB databases effectively. Whether you're inserting new data, retrieving existing information, modifying table structures, or updating records, these commands form the foundation of database management.